[
  {
    "id": "c39b304c-1c76-45d1-977a-cec1dbcd4d4f",
    "data": [
      {
        "text": "hello",
        "userDefined": false
      }
    ],
    "isTemplate": false,
    "count": 0,
    "lang": "es",
    "updated": 0
  },
  {
    "id": "74fdd11c-b5ed-4a46-8b3d-c11121055583",
    "data": [
      {
        "text": "que tal",
        "userDefined": false
      }
    ],
    "isTemplate": false,
    "count": 0,
    "lang": "es",
    "updated": 0
  },
  {
    "id": "78fd00a7-4a5e-4b46-b359-8edcf88e3e23",
    "data": [
      {
        "text": "holis",
        "userDefined": false
      }
    ],
    "isTemplate": false,
    "count": 0,
    "lang": "es",
    "updated": 0
  },
  {
    "id": "2c8d617f-d7a1-473c-9768-d96d616feab7",
    "data": [
      {
        "text": "holi",
        "userDefined": false
      }
    ],
    "isTemplate": false,
    "count": 0,
    "lang": "es",
    "updated": 0
  },
  {
    "id": "6e8e0163-b296-464f-af0e-35b0b482da9e",
    "data": [
      {
        "text": "holas",
        "userDefined": false
      }
    ],
    "isTemplate": false,
    "count": 0,
    "lang": "es",
    "updated": 0
  },
  {
    "id": "10d066fe-48d6-48eb-8607-fb8dba413aba",
    "data": [
      {
        "text": "buenos días",
        "userDefined": false
      }
    ],
    "isTemplate": false,
    "count": 0,
    "lang": "es",
    "updated": 0
  },
  {
    "id": "d307d986-e6b7-4ce9-b49f-ea350ea6b58b",
    "data": [
      {
        "text": "hola",
        "userDefined": false
      }
    ],
    "isTemplate": false,
    "count": 0,
    "lang": "es",
    "updated": 0
  },
  {
    "id": "ac5145fe-46cf-413f-bf99-0aa0884ed9d3",
    "data": [
      {
        "text": "hey",
        "userDefined": false
      }
    ],
    "isTemplate": false,
    "count": 0,
    "lang": "es",
    "updated": 0
  },
  {
    "id": "51e3bc15-7d36-4d9a-9e16-1f5b53aff2c0",
    "data": [
      {
        "text": "saludos",
        "userDefined": false
      }
    ],
    "isTemplate": false,
    "count": 0,
    "lang": "es",
    "updated": 0
  },
  {
    "id": "1aa067c8-1b93-4ec3-a2c1-060137fe7b47",
    "data": [
      {
        "text": "hey ho",
        "userDefined": false
      }
    ],
    "isTemplate": false,
    "count": 0,
    "lang": "es",
    "updated": 0
  },
  {
    "id": "d90cbce7-385a-4a54-850c-58b417fe4df7",
    "data": [
      {
        "text": "chao",
        "userDefined": false
      }
    ],
    "isTemplate": false,
    "count": 0,
    "lang": "es",
    "updated": 0
  }
]