[
  {
    "id": "e2a85553-b04c-4011-8fe8-d04ab0d8e2f2",
    "data": [
      {
        "text": "dentista",
        "meta": "@servcio",
        "alias": "servcio",
        "userDefined": false
      }
    ],
    "isTemplate": false,
    "count": 0,
    "lang": "es",
    "updated": 0
  },
  {
    "id": "6fc53af5-5fdd-4af3-9b0d-39add5cbc5b4",
    "data": [
      {
        "text": "donde está ",
        "userDefined": false
      },
      {
        "text": "dentista",
        "meta": "@servcio",
        "alias": "servcio",
        "userDefined": false
      }
    ],
    "isTemplate": false,
    "count": 0,
    "lang": "es",
    "updated": 0
  },
  {
    "id": "eaec9f77-a4a3-4140-a740-0756c8cb2d03",
    "data": [
      {
        "text": "necesito ",
        "userDefined": false
      },
      {
        "text": "una",
        "userDefined": false
      },
      {
        "text": " ",
        "userDefined": false
      },
      {
        "text": "revision",
        "meta": "@servcio",
        "alias": "servcio",
        "userDefined": true
      }
    ],
    "isTemplate": false,
    "count": 0,
    "lang": "es",
    "updated": 0
  },
  {
    "id": "d2221b00-2584-4f10-84a8-bb0ea2616298",
    "data": [
      {
        "text": "No me gustan mis",
        "userDefined": false
      }
    ],
    "isTemplate": false,
    "count": 0,
    "lang": "es",
    "updated": 0
  },
  {
    "id": "ba30c611-ff70-492d-bbea-9be2f54a19fa",
    "data": [
      {
        "text": "tengo ",
        "userDefined": false
      },
      {
        "text": "caries",
        "meta": "@servcio",
        "alias": "servcio",
        "userDefined": false
      }
    ],
    "isTemplate": false,
    "count": 0,
    "lang": "es",
    "updated": 0
  },
  {
    "id": "efeffc27-aaf6-4c0f-ad23-51a49ea82a50",
    "data": [
      {
        "text": "tienen ",
        "userDefined": false
      },
      {
        "text": "ortopedía",
        "meta": "@servcio",
        "alias": "servcio",
        "userDefined": false
      },
      {
        "text": "?",
        "userDefined": false
      }
    ],
    "isTemplate": false,
    "count": 0,
    "lang": "es",
    "updated": 0
  },
  {
    "id": "1ef0c983-91da-4c53-9347-986972d6aa2e",
    "data": [
      {
        "text": "esta la ",
        "userDefined": false
      },
      {
        "text": "dentista",
        "meta": "@servcio",
        "alias": "servcio",
        "userDefined": false
      },
      {
        "text": "?",
        "userDefined": false
      }
    ],
    "isTemplate": false,
    "count": 0,
    "lang": "es",
    "updated": 0
  },
  {
    "id": "a18603a8-c330-4388-8cd1-41d3bba0df0a",
    "data": [
      {
        "text": "Qué ",
        "userDefined": false
      },
      {
        "text": "servicios",
        "meta": "@servcio",
        "alias": "servcio",
        "userDefined": false
      },
      {
        "text": " ofrecen?",
        "userDefined": false
      }
    ],
    "isTemplate": false,
    "count": 0,
    "lang": "es",
    "updated": 0
  }
]